公司名称,英文名称,曾用简称,A股代码,A股简称,B股代码,B股简称,H股代码,H股简称,入选指数,所属市场,所属行业,法人代表,注册资金,成立日期,上市日期,官方网站,电子邮箱,联系电话,传真,注册地址,办公地址,邮政编码,主营业务,经营范围,机构简介,获取状态,错误信息
平安银行股份有限公司,"Ping An Bank Co., Ltd.",S深发展Ａ>> 深发展Ａ,000001,平安银行,,,,,"ESG 300,国证Ａ指,国证红利,沪深300,巨潮100,巨潮大盘,深成指R,深市精选,深证100,深证100R,深证300,深证成指,深证责任",深交所主板,货币金融服务,谢永林,1940591.8198,1987-12-22,1991-04-03,bank.pingan.com,PAB_db@pingan.com.cn,0755-82080387,0755-82080386,广东省深圳市罗湖区深南东路5047号,广东省深圳市深南东路5047号；广东省深圳市福田区益田路5023号平安金融中心B座,518001,办理人民币存、贷、结算、汇兑业务；人民币票据承兑和贴现；各项信托业务；经人民银行批准发行或买卖人民币有价证券；外汇存款、汇款；境内境外借款；在境内境外发行或代理发行外币有价证券外汇存款、汇款、境内境外汇借款等。,（一）吸收公众存款；（二）发放短期、中期和长期贷款；（三）办理国内外结算；（四）办理票据承兑与贴现；（五）发行金融债券；（六）代理发行、代理兑付、承销政府债券；（七）买卖政府债券、金融债券；（八）从事同业拆借；（九）买卖、代理买卖外汇；（十）从事银行卡业务；（十一）提供信用证服务及担保；（十二）代理收付款项及代理保险业务；（十三）提供保管箱服务；（十四）结汇、售汇业务；（十五）离岸银行业务；（十六）资产托管业务；（十七）办理黄金业务；（十八）财务顾问、资信调查、咨询、见证业务；（十九）经有关监管机构批准的其他业务。,"深圳发展银行股份有限公司系在对中华人民共和国深圳经济特区内原6家农村信用社进行股份制改造的基础上设立的股份制商业银行。1987年5月10日以自由认购的形式首次向社会公开发售人民币普通股,于1987年12月22日正式设立。1988年4月7日，本行普通股在深圳经济特区证券公司首家挂牌公开上市。深发展股东大会以及平安银行股份有限公司于2012年2月9日召开的2012年第一次临时股东大会分别审议通过了深发展吸收合并平安银行的方案的议案以及深发展与平安银行签署吸收合并协议的议案。深圳发展银行股份有限公司于2012年2月9日召开的2012年第一次临时股东大会审议通过了《深圳发展银行股份有限公司关于更名的议案》，同意本公司的中文名称由“深圳发展银行股份有限公司”变更为“平安银行股份有限公司”。中国银行业监督管理委员会于2012年4月24日以《中国银监会关于深圳发展银行吸收合并平安银行的批复》（银监复〔2012〕192号）批准了本次吸收合并。2012年7月27日本公司在深圳市市场监督管理局办理完毕相关变更手续，并取得新的《企业法人营业执照》。证券简称自2012年8月2日由“深发展A”变更为“平安银行”。",成功,
兰州银行股份有限公司,"Bank Of Lanzhou Co., Ltd.",,001227,兰州银行,,,,,"国证2000,国证Ａ指,中小创新",深交所主板,货币金融服务,许建平,569569.7168,1997-06-26,2022-01-17,www.lzbank.com,dongshihui@lzbank.com,0931-4600239,0931-4600239,甘肃省兰州市城关区酒泉路211号,甘肃省兰州市城关区酒泉路211号,730030,（一）吸收公众存款；（二）发放短期、中期和长期贷款；（三）办理国内结算、票据承兑与贴现；（四）发行金融债券；（五）代理发行、代理兑付、承销政府债券；（六）买卖政府债券；（七）从事同业拆借；（八）提供担保；（九）代理收付款项及代理保险；（十）提供保管箱；（十一）办理地方财政信用周转使用资金的委托存贷款；（十二）从事银行卡业务；（十三）外汇存款、外汇贷款、外汇汇款、外币兑换、办理结汇、售汇业务；（十四）国际结算等外汇业务；（十五）基金销售业务；（十六）经中国银行业监督管理委员会批准的其他业务。,经中国银监会等监管部门批准，并经公司登记机关核准，本行主营业务及经营范围是：吸收公众存款；发放短期、中期和长期贷款，办理国内结算、票据承兑与贴现，发行金融债券；代理发行、代理兑付、承销政府债券；买卖政府债券；从事同业拆借；提供担保；代理收付款项及代理保险；提供保管箱；办理地方财政信用周转使用资金的委托存贷款；从事银行卡业务；外汇存款、外汇贷款、外汇汇款、外币兑换、办理结汇、售汇业务；国际结算等外汇业务；基金销售业务；经营贵金属及代理贵金属；经中国银行业监督管理委员会批准的其他业务。（依法须经批准的项目，经相关部门批准后方可开展经营活动）,"根据国务院《关于组建城市合作银行的通知》（国发[1995]25号）精神，1996年12月6日，中国人民银行下发《关于筹建兰州城市合作银行的批复》（银复[1996]424号）。1997年5月28日，中国人民银行下发《关于兰州城市合作银行开业的批复》（银复[1997]221号），中国人民银行甘肃省分行1997年6月11日《转发中国人民银行总行关于兰州城市合作银行开业的批复的通知》（甘银复[1997]168号）、中国人民银行兰州市分行1997年6月11日《转发省分行转发人总行关于兰州城市合作银行开业的批复的通知》（兰银发[1997]152号）批准，同意在兰州市原55家城市信用社及1家信用社联社（以下简称“56家信用社”）基础上组建兰州城市合作银行。兰州市财政局认购30,000,000股，其他81家法人认购69,349,200股，7,964名自然人认购75,750,800股。根据1997年6月26日兰州市工商行政管理局核发的《企业法人营业执照》(22442208-5号），本行成立时的注册资本为175,100,000元，成立时的名称为“兰州城市合作银行”。统一社会信用代码为91620000224422085P。",成功,
宁波银行股份有限公司,"Bank of Ningbo Co., Ltd.",,002142,宁波银行,,,,,"分析师指数,国证Ａ指,沪深300,巨潮100,巨潮大盘,深成指R,深市精选,深证100,深证100R,深证300,深证成指,中创100,中小100,中小300",深交所主板,货币金融服务,庄灵君,660359.0792,1997-04-10,2007-07-19,www.nbcb.com.cn,dsh@nbcb.cn,0574-87050028,0574-87050027,浙江省宁波市鄞州区宁东路345号,浙江省宁波市鄞州区宁东路345号,315042,存款，贷款，办理国内结算，办理票据贴现，发行金融债券，代理发行、兑付债券，代理收付款、保险业务，保管箱服务。,（一）吸收公众存款；（二）发放短期、中期和长期贷款；（三）办理国内外结算；（四）办理票据承兑与贴现；（五）发行金融债券；（六）代理发行、代理兑付、承销政府债券；（七）买卖政府债券、金融债券；（八）从事同业拆借；（九）从事银行卡业务；（十）提供信用证服务及担保；（十一）代理收付款项及代理保险业务；（十二）提供保管箱服务；（十三）经中国银行业监督管理机构、中国人民银行和国家外汇管理机关批准的其他业务。,"1996年12月6日，中国人民银行以《关于筹建宁波城市合作银行的批复》（银复字[1996]425号）同意本行筹建。1997年3月18日，城市信用合作社及市联社代表其原股东与宁波市财政局、宁波经济技术开发区财务公司共同签署了《发起人协议》。根据前述批复和《发起人协议》，宁波市财政局、宁波经济技术开发区财务公司以及城市信用合作社及市联社的原股东（包括364家机构及企业法人和2,421名自然人）共同发起设立""宁波城市合作银行""。1997年3月31日，人民银行以《关于宁波城市合作银行开业的批复》（银复[1997]136号）同意本行开业。于本行开业之时，纳入组建范围的城市信用合作社按各自协议自动解散后成为本行的分支机构，城市信用合作社联合社自动终止；城市信用合作社及市联社的全部合法债权债务转为本行的债权债务。1997年4月10日，本行在宁波市工商行政管理局注册成立，并于4月11日取得人民银行核发的D10013320033号《中华人民共和国金融机构法人许可证》。1998年6月2日，经人民银行浙江省分行批准，本行更名为""宁波市商业银行股份有限公司""。2007年4月13日，经银监会批准，本行更名为""宁波银行股份有限公司""。",成功,
江苏江阴农村商业银行股份有限公司,"Jiangsu Jiangyin Rural Commercial Bank Co., Ltd.",,002807,江阴银行,,,,,"国证2000,国证Ａ指,中小300,中小创新",深交所主板,货币金融服务,宋萍,270753.2067,2001-12-03,2016-09-02,www.jybank.com.cn,jynsyh@sina.com,0510-86851978,0510-86850069,江苏省江阴市澄江中路1号,江苏省江阴市澄江中路1号银信大厦11楼,214431,吸收公众存款；发放短期，中期和长期贷款；办理国内结算；办理票据承兑与贴现；代理收付款项及代理保险业务，代理发行、代理兑付、承销政府债券，从事银行卡业务，提供信用证服务与担保；买卖政府债券和金融债券；从事同业拆借；提供保管箱服务；外汇存款；外汇贷款，外汇汇款；外汇兑换；结汇、售汇；资信调查、咨询、见证业务；代客外汇买卖业务；经银行业监督管理机构批准的其他业务。,吸收公众存款；发放短期、中期和长期贷款；办理国内结算，办理票据承兑与贴现；代理收付款项及代理保险业务，代理发行、代理兑付、承销政府债券，从事银行卡业务，提供信用证服务与担保；买卖政府债券和金融债券；从事同业拆借；提供保管箱服务；外汇存款；外汇贷款；外汇汇款；外币兑换；结汇、售汇；资信调查、咨询、见证业务；代客外汇买卖业务；经银行业监督管理机构批准的其他业务。（依法须经批准的项目，经相关部门批准后方可开展经营活动）许可项目：证券投资基金销售服务（依法须经批准的项目，经相关部门批准后方可开展经营活动，具体经营项目以审批结果为准）,"本行系由江阴市辖内7家法人单位、807名原江阴农联社职工、609名社会自然人共同发起，在承继原江阴农联社资产、负债的基础上设立的地方性股份制农村商业银行。2001年12月3日，本行在江苏省工商行政管理局办理了注册登记手续，并领取了注册号为3200002101955的《企业法人营业执照》，注册资本为10,018.1万元人民币。",成功,
江苏张家港农村商业银行股份有限公司,"Jiangsu Zhangjiagang Rural Commercial Bank Co., Ltd.",,002839,张家港行,,,,,"国证2000,国证Ａ指,中小300,中小创新",深交所主板,货币金融服务,孙伟,244434.4974,2001-11-27,2017-01-24,www.zrcbank.com,office@zrcbank.com,0512-56961859,0512-58236370,江苏省苏州市张家港市杨舍镇人民中路66号,江苏省苏州市张家港市杨舍镇人民中路66号,215600,公司业务、个人业务、金融市场业务等业务。,吸收公众存款；发放短期、中期和长期贷款；办理国内外结算；办理票据承兑与贴现；代理收付款项及代理保险业务；代理发行、代理兑付、承销政府债券；买卖政府债券、金融债券；从事同业拆借；提供保管箱服务；办理借记卡业务；外汇存款；外汇贷款；外汇汇款；外币兑换；结汇、售汇；资信调查、咨询、见证服务；经银行业监督管理机构批准的其他业务。许可项目：公募证券投资基金销售。,"2001年，国务院决定对张家港等地的农村信用社进行股份制改造、筹建农村商业银行。经中国人民银行批准，在对原张家港农信社本部及下属分支机构、营业网点进行清产核资、股金清退以及净资产处置的基础上，张家港市直属公有资产经营有限公司、张家港市市属工业公有资产经营有限公司等12家法人股东和1,752名自然人股东共同发起设立张家港市农村商业银行股份有限公司，股本为8,800万股。2001年11月26日，中国人民银行批准张家港市农村商业银行股份有限公司开业，并核发编号为G11013056001的《中华人民共和国金融机构法人许可证》。2001年11月27日，作为全国首家由农村信用合作社改制组建的股份制商业银行——张家港市农村商业银行股份有限公司办理了工商注册登记，并取得《企业法人营业执照》（注册号：3200001105369）。2001年11月28日，本行正式挂牌营业。",成功,
郑州银行股份有限公司,"Bank of Zhengzhou Co., Ltd.",,002936,郑州银行,,,06196,郑州银行,"国证2000,国证Ａ指,中小300,中小创新",深交所主板,货币金融服务,赵飞,909209.1358,1996-11-16,2018-09-19,www.zzbank.cn,ir@zzbank.cn,0371-67009199,0371-67009898,河南省郑州市郑东新区商务外环路22号,河南省郑州市郑东新区商务外环路22号,450018,公司银行业务、零售银行业务和资金业务等。,吸收公众存款；发放短期、中期和长期贷款；办理国内外结算；办理票据承兑与贴现；发行金融债券；代理发行、代理兑付、承销政府债券；买卖政府债券、金融债券；从事同业拆借；外汇存款、外汇贷款、外汇汇款、外币兑换；从事银行卡业务；提供信用证服务及担保；代理收付款项及代理保险业务；提供保管箱服务；经国务院银行业监督管理机构批准的其他业务。（依法须经批准的项目，经相关部门批准后方可开展经营活动）,"1996年8月5日，48家城市信用社的股东代表以及新入股股东达成了《郑州城市合作银行股份有限公司发起人协议》，郑州市财政局、48家城市信用社的股东以及14家企业法人共同发起设立郑州城市合作银行。本行设立时拟定的股份总额为452,759,882股，均为人民币普通股，每股面值1元。其中，48家城市信用社的股东以经资产评估确认后的48家城市信用社的可分配净资产折价入股，其他发起人以货币资金入股。1996年11月16日，本行取得河南省工商局核发的《企业法人营业执照》（注册号169999577-2-2）。2000年2月21日，中国人民银行济南分行出具《关于同意郑州城市合作银行更名迁址的批复》（济银复[2000]64号），同意郑州城市合作银行更名为郑州市商业银行股份有限公司。2000年6月16日，中国人民银行济南分行核发了更名后的《金融机构法人许可证》（许可证号：D10024910002）。2000年12月17日，河南省工商局换发了更名后的《企业法人营业执照》（注册号：豫工商企4100001002856）。",成功,
青岛银行股份有限公司,"Bank of Qingdao Co., Ltd.",,002948,青岛银行,,,03866,青岛银行,"国证2000,国证Ａ指,深成指R,深证成指,中小300",深交所主板,货币金融服务,景在伦,582035.4724,1996-11-15,2019-01-16,www.qdccb.com,ir@qdbankchina.com,0532-85709728,0532-85783866,山东省青岛市崂山区秦岭路6号3号楼,山东省青岛市崂山区秦岭路6号,266061,公司银行业务、零售银行业务和资金业务等。,吸收公众存款；发放短期、中期和长期贷款；办理国内外结算；办理票据承兑、贴现与转贴现；发行金融债券；代理发行、代理兑付、承销政府债券和金融债券；买卖政府债券、央行票据、金融债券、企业债、中期票据、短期融资券以及全国银行间市场发行流通的其他债券；从事同业拆借及同业存放业务；代理买卖外汇；结汇、售汇业务；从事银行卡业务；提供信用证服务及担保；代理收付款项、代理保险业务、代理基金及贵金属销售等其他代理业务；提供保管箱服务；理财业务；债券结算代理业务、中央国库现金管理商业银行定期存款业务；经国家有关主管机构批准的其他业务。,"本行成立于1996年11月，系根据国务院《关于组建城市合作银行的通知》（国发[1995]25号）精神，经中国人民银行《关于筹建青岛城市合作银行的批复》（银复[1996]220号）和《关于青岛城市合作银行开业的批复》（银复[1996]353号）批准，由原21家城市信用社的全部原有股东以及以发起人身份加入的青岛市财政局等新股东共同发起设立。除原城市信用社股东股本在评估量化基础上依法转为本行股份外，本行其余股份由以发起人身份加入的青岛市财政局等新股东以货币资金认购并足额缴纳，设立时注册资本为24,744万元。本行成立时的名称为“青岛城市合作银行股份有限公司”。1998年5月，经中国人民银行山东省分行批准，本行更名为“青岛市商业银行股份有限公司”。2008年，经中国银监会批准，本行更名为“青岛银行股份有限公司”。本行设立以来，先后历经未分配利润转增股本、增资扩股以及首次公开发行H股并上市等共九次注册资本变动。截至2018年6月30日，本行注册资本为405,871 万元。",成功,
青岛农村商业银行股份有限公司,Qingdao Rural Commercial Bank Corporation,,002958,青农商行,,,,,"国证Ａ指,巨潮小盘,深成指R,深证成指,中小300",深交所主板,货币金融服务,无法定代表人,555562.7491,2012-06-26,2019-03-26,www.qrcb.com.cn,qrcb@qrcb.com.cn,0532-66957767,0532-85933800,山东省青岛市崂山区秦岭路6号1号楼,山东省青岛市崂山区秦岭路6号1号楼,266061,公司银行业务、零售银行业务、资金业务及国际业务。,吸收本外币公众存款；发放本外币短期、中期和长期贷款；办理国内外结算；办理票据承兑与贴现；代理发行、代理兑付、承销政府债券；买卖政府债券、金融债券；从事本外币同业拆借；从事银行卡（借记卡）业务；代理收付款项及代理保险业务；提供保管箱服务；外汇汇款；买卖、代理买卖外汇；提供信用证服务及担保；外汇资信调查、咨询和见证业务；基金销售；经中国银行业监督管理委员会批准的其他业务。（依法须经批准的项目，经相关部门批准后方可开展经营活动）。,2012年5月24日，大信出具《验资报告》（大信验字（2012）第1-0050号），经审验，截至2012年5月24日止，青岛农商银行（筹）已收到全体股东缴纳的出资合计人民币60亿元，其中：注册资本（实收资本）合计人民币50亿元，股本溢价10亿元。2012年6月18日，中国银监会青岛监管局向本行颁发了编号为B1333H237020001的《中华人民共和国金融许可证》。2012年6月26日，本行领取了青岛市工商行政管理局核发的注册号为370200020002506的《营业执照》。,成功,
苏州银行股份有限公司,"Bank of Suzhou Co., Ltd.",,002966,苏州银行,,,,,"国证Ａ指,巨潮中盘,深成指R,深市精选,深证300,深证成指,中小100,中小300,中证500",深交所主板,货币金融服务,崔庆军,447066.2011,2004-12-24,2019-08-02,www.suzhoubank.com,dongban@suzhoubank.com,0512-69868556,0512-69868409,江苏省苏州工业园区钟园路728号,江苏省苏州工业园区钟园路728号,215028,公司业务、个人业务、资金业务及其他。,吸收公众存款；发放短期、中期和长期贷款；办理国内外结算；办理票据承兑与贴现；代理发行、代理兑付、承销政府债券；买卖政府债券、金融债券；从事同行拆借；代理收付款项及代理保险业务；提供保管箱服务；外汇存款；外汇贷款；外汇汇款；外币兑换；结汇、售汇；资信调查、咨询和见证业务；经中国银行业监督管理委员会批准的其他业务。（依法须经批准的项目，经相关部门批准后方可开展经营活动）许可项目：公募证券投资基金销售；证券投资基金托管（依法须经批准的项目，经相关部门批准后方可开展经营活动，具体经营项目以审批结果为准）,"本行是经中国银监会办公厅《关于筹建江苏东吴农村商业银行股份有限公司的批复》（银监办发[2004]264号）和中国银监会《关于江苏东吴农村商业银行股份有限公司开业的批复》（银监复[2004]211号）批准，在原苏州市区农村信用合作社联合社清产核资的基础上，由46个企业法人和3,449名自然人共同出资设立的股份有限公司。2004年12月21日，江苏银监局向本行核发了《金融许可证》（机构编码：G10313050H0004）。2004年12月24日，江苏省工商行政管理局向本行核发了《企业法人营业执照》（注册号：3200002103210），注册资本为50,005万元。2006年6月，本行以2004年和2005年两次未分配利润转增股份4,575.4805万股，注册资本增加至54,580.4805万元。2007年6月，本行以未分配利润转增股份5,457.9511万股，注册资本增加至60,038.4316万元。2008年3月，本行以未分配利润转增股份16,330.2887万股，注册资本增加至76,368.7203万元。2009年3月，本行向国发集团增发股份8,485万股，注册资本增加至84,853.7203万元。2009年12月，本行向全体股东增发股份8,485.1903万股，注册资本增加至93,338.9106万元。2010年4月，本行以未分配利润转增股份9,333.716万股，注册资本增加至102,672.6266万元。2010年9月，本行向国发集团等93个法人增发股份197,327.3734万股，注册资本增加至300,000万元。同月，本行更名为苏州银行股份有限公司。",成功,
上海浦东发展银行股份有限公司,"Shanghai Pudong Development Bank Co., Ltd.",,600000,浦发银行,,,,,"ESG 300,国证Ａ指,国证红利,沪深300,巨潮100,巨潮大盘,上证180",上交所,货币金融服务,张为忠,3330583.83,1992-10-19,1999-11-10,www.spdb.com.cn,bdo@spdb.com.cn,021-63611226,021-63230807,上海市中山东一路12号,上海市中山东一路12号,200002,金融与信托投资业务。,（一）吸收公众存款；（二）发放短期、中期和长期贷款；（三）办理结算；（四）办理票据贴现；（五）发行金融债券；（六）代理发行、代理兑付、承销政府债券，买卖政府债券；（七）同业拆借；（八）提供信用证服务及担保；（九）代理收付款项及代理保险业务；（十）提供保管箱服务；（十一）外汇存款、外汇贷款、外汇汇款、外币兑换；（十二）国际结算；（十三）同业外汇拆借；（十四）外汇票据的承兑和贴现；（十五）外汇借款、外汇担保；（十六）结汇、售汇；（十七）买卖和代理买卖股票以外的外币有价证券；（十八）自营和代客外汇买卖；（十九）从事银行卡业务；（二十）资信调查、咨询、见证业务；（二十一）离岸银行业务；（二十二）经批准的其它业务。,本行是经中国人民银行银复(1992)350号文批准，1992年10月由上海市财政局、上海国际信托投资公司、上海久事公司、申能股份有限公司、宝山钢铁总厂、上海汽车工业总公司、上菱冰箱总厂、上海航空公司、中纺机股份有限公司、闵行联合发展有限公司、锦江(集团)联营公司、陆家嘴金融贸易区开发公司、外高桥保税区联合发展有限公司、上海石油化工总厂、金桥出口加工区开发公司、上海申实公司、上海市第一百货商店股份有限公司、上海铁路局等18家单位作为发起人，以定向募集方式设立的股份制商业银行。本行于1992年10月19日登记成立，1993年1月9日正式开业，注册资本金为10亿元人民币。1996年本行第一届董事会第九次会议通过增资扩股10亿元人民币的决议，1997年本行遵照人民银行的要求，按照《公司法》、《商业银行法》、《关于向金融机构投资入股的暂行规定》等法规规定的程序及股东资格条件进行了增资扩股工作。1997年中国人民银行以银复[1997]368号文《关于核准上海浦东发展银行注册资本的批复》，核准本行注册资本金由10亿元人民币增加至20.1亿元人民币。1992年10月由上海市财政局、上海国际信托投资公司、上海久事公司、申能股份有限公司、宝山钢铁总厂、上海汽车工业总公司、上菱冰箱总厂、上海航空公司、中纺机股份有限公司、闵行联合发展有限公司、锦江(集团)联营公司、陆家嘴金融贸易区开发公司、外高桥保税区联合发展有限公司、上海石油化工总厂、金桥出口加工区开发公司、上海申实公司、上海市第一百货商店股份有限公司、上海铁路局等18家单位作为发起人，以定向募集方式设立的股份制商业银行。于1992年10月19日登记成立，1993年1月9日正式开业，注册资本金为10亿元人民币。1997年注册资本金由10亿元人民币增加至20.1亿元人民币。经1999年9月23日发行公众股40000万股（其中向投资基金配售8000万股）后，公司总股本达241000万股。其公众股32000万股于1999年11月10日在上交所上市交易。,成功,
华夏银行股份有限公司,"Hua Xia Bank Co., Limited",,600015,华夏银行,,,,,"国证Ａ指,国证红利,红利指数,沪深300,巨潮大盘,上证180,中证红利",上交所,货币金融服务,杨书剑,1591492.8468,1992-10-14,2003-09-12,www.hxb.com.cn,zhdb@hxb.com.cn,010-66151199-2907,010-66122081,北京市东城区建国门内大街22号,北京市东城区建国门内大街22号华夏银行大厦,100005,吸收人民币存款；发放短期、中期和长期贷款；办理结算；办理票据贴现；发行金融债券；代理发行、代理兑付、承销政府债券；买卖政府债券；同业拆借；提供信用证服务及担保；代理收付款项；提供保管箱服务；外汇存款；外汇贷款；外汇汇款等。,（一）吸收公众存款；（二）发放短期、中期和长期贷款；（三）办理国内外结算；（四）办理票据承兑与贴现；（五）发行金融债券；（六）代理发行、代理兑付、承销政府债券；（七）买卖政府债券、金融债券；（八）从事同业拆借；（九）买卖、代理买卖外汇；（十）从事银行卡业务；（十一）提供信用证服务及担保；（十二）代理收付款项及代理保险业务；（十三）提供保管箱服务；（十四）经中国银行业监督管理委员会批准的其他业务。经中国人民银行批准的结汇、售汇业务。,本行是一家全国性股份制商业银行，前身原华夏银行是由中国人民银行批准，于1992年10月14日由首钢总公司独资组建成立的全国性商业银行，注册资本为10亿元人民币，总部设在北京。经中国人民银行批准，由33家法人单位以共同发起方式将原华夏银行改制变更为华夏银行股份有限公司，并于1998年3月18日在国家工商管理局办理了工商登记，股本为人民币25亿元。截至2003年6月30日，本行共有股东29家。,成功,
中国民生银行股份有限公司,"China Minsheng Banking Corp., Ltd.",,600016,民生银行,,,01988,民生银行,"国证Ａ指,国证红利,沪深300,巨潮100,巨潮大盘,上证180,央视50,中证红利",上交所,货币金融服务,高迎欣,4378241.8502,1996-02-07,2000-12-19,www.cmbc.com.cn,cmbc@cmbc.com.cn,010-58560975、010-58560824,010-58560720,北京市西城区复兴门内大街2号,北京市西城区复兴门内大街2号,100031,经营吸收公众存款；发放短期、中期和长期贷款；办理国内外结算；办理票据贴现；发行金融债券等。,吸收公众存款；发放短期、中期和长期贷款；办理国内外结算；办理票据承兑与贴现、发行金融债券；代理发行、代理兑付、承销政府债券；买卖政府债券、金融债券；从事同业拆借；买卖、代理买卖外汇；从事结汇、售汇业务；从事银行卡业务；提供信用证服务及担保；代理收付款项；提供保管箱服务；经国务院银行业监督管理机构批准的其他业务；保险兼业代理业务；证券投资基金销售、证券投资基金托管。（市场主体依法自主选择经营项目，开展经营活动；保险兼业代理业务、证券投资基金销售、证券投资基金托管以及依法须经批准的项目，经相关部门批准后依批准的内容开展经营活动；不得从事国家和本市产业政策禁止和限制类项目的经营活动。）,公司系由中华全国工商联负责组建，广州益通集团公司、中国乡镇企业投资开发有限公司、中国煤炭工业进出口总公司、中国船东互保协会、山东泛海集团公司等59家单位作为发起人，按照商业银行法和公司法设立的股份制商业银行。本行于1996年2月7日登记成立，注册资本金为13.80248亿元。经2000年11月27日向社会公开发行人民币普通股35000万股后，公司总股本已达173，024.8万股。,成功,
招商银行股份有限公司,"China Merchants Bank Co., Ltd.",,600036,招商银行,,,03968,招商银行,"ESG 300,分析师指数,国证Ａ指,国证红利,沪深300,巨潮100,巨潮大盘,上证180,上证50,央视50,责任指数,中证A100,中证红利,中证央企",上交所,货币金融服务,缪建民,2521984.5601,1987-03-31,2002-04-09,www.cmbchina.com,cmb@cmbchina.com,0755-83198888,0755-83195109,广东省深圳市福田区深南大道7088号,广东省深圳市福田区深南大道7088号,518040,经营吸收公众存款；发放短期、中期和长期贷款；办理国内外结算；办理票据贴现；发行金融债券等。,吸收公众存款；发放短期、中期和长期贷款；办理结算；办理票据贴现；发行金融债券；代理发行、代理兑付、承销政府债券；买卖政府债券；同业拆借；提供信用证服务及担保；代理收付款项及代理保险业务；提供保管箱服务。外汇存款；外汇贷款；外汇汇款；外币兑换；国际结算；结汇、售汇；同业外汇拆借；外汇票据的承兑和贴现；外汇借款；外汇担保；买卖和代理买卖股票以外的外币有价证券；发行和代理发行股票以外的外币有价证券；自营和代客外汇买卖；资信调查、咨询、见证业务；离岸金融业务。经国务院银行业监督管理机构批准的其他业务。,公司系由招商局轮船股份有限公司作为出资人，于1987年3月31日在深圳市蛇口工商局注册登记，成立时注册资本为人民币1亿元。1989年1月17日，公司吸收6家新企业法人入股，注册资金变更为人民币4亿元。1994年4月4日，深圳市证券管理办公室批准公司改组成为招商银行股份有限公司，经几次增资后，截止2001年12月31日公司的实收资本为人民币420681.8030元，股东数为106家。经本次向社会公开发行人民币普通股150000万股后，公司总股本已增至570681.803万股。,成功,
无锡农村商业银行股份有限公司,"Wuxi Rural Commercial Bank Co., Ltd.",,600908,无锡银行,,,,,"国证2000,国证Ａ指",上交所,货币金融服务,陶畅,219468.1695,2005-06-21,2016-09-23,www.wrcb.com.cn,contact@wrcb.com.cn,0510-82830815,0510-82830815,江苏省无锡市锡山区延庆街11号、丹山路66-3、66-1301、66-1401号,江苏省无锡市金融二街9号,214125,金融服务及其相关业务,吸收公众存款，发放短期、中期和长期贷款，办理国内外结算，办理票据承兑与贴现，代理发行、代理兑付、承销政府债券，买卖政府债券、金融债券，从事同行拆借，代理收付款项及代理保险业务，提供保管箱服务，外汇存款，外汇贷款，外汇汇款，外币兑换，结汇、售汇，资信调查、咨询和见证业务，经中国银行业监督管理委员会批准的其他业务。（依法须经批准的项目，经相关部门批准后方可开展经营活动）许可项目：公募证券投资基金销售（依法须经批准的项目，经相关部门批准后方可开展经营活动，具体经营项目以审批结果为准）。,本行前身为1995年设立的锡山市农村信用合作社联合社。2000年10月10日，锡山市人民政府作出《关于同意市农村信用合作联社实行合并法人的批复》（锡府复[2000]46号），同意锡山市农村信用合作社联合社根据国务院、人民银行和江苏省人民政府决定在江苏省进行农村信用社改革试点的工作精神，进行法人合并。2000年10月31日，人民银行南京分行作出《关于合并法人后锡山市、江阴市农村信用合作社联合社开业的批复》（南银复[2000]610号），同意统一法人后的锡山市农村信用合作社联合社开业，并核准其章程及理事长、主任、副主任的任职资格。2001年3月6日，人民银行锡山市支行作出了《关于锡山市农村信用合作社联合社更名的批复》（锡山银发[2001]12号），同意“锡山市农村信用合作社联合社”更名为“无锡市城郊农村信用合作社联合社”。更名后的无锡市城郊农村信用合作社联合社取得了银行业监督管理部门核发的新的《法人许可证》及工商行政管理部门核发的新的《企业法人营业执照》。,成功,
西安银行股份有限公司,"Bank of Xi'an Co., Ltd.",,600928,西安银行,,,,,"国证Ａ指,巨潮小盘",上交所,货币金融服务,梁邦海,444444.4445,1997-06-06,2019-03-01,www.xacbank.com,xacb_ddw@xacbank.com,029-88992333,029-88992618,陕西省西安市高新路60号,陕西省西安市高新路60号,710075,公司金融业务、个人金融业务、资金业务和其他业务。,吸收公众存款；发放短期、中期和长期贷款；办理国内结算；办理票据贴现；发行金融债券；代理发行、代理兑付、承销政府债券；买卖政府债券；从事同业拆借；提供担保；代理收付款项及代理保险业务；提供保管箱业务；办理地方财政信用周转使用资金的委托贷款业务；外汇存款、外汇贷款、外汇汇款、外汇兑换、国际结算、外汇票据的承兑和贴现；结汇、售汇、代客外汇买卖；资信调查、咨询、见证业务；经中国银行业监督管理委员会批准的其他业务。,"本行系经人民银行于1996年12月16日下发的《关于筹建西安城市合作银行的批复》（银复[1996]442号）以及人民银行于1997年4月23日下发的《关于西安城市合作银行开业的批复》（银复[1997]169号）的核准，由西安市原41家城市信用合作社和西安市城市信用合作社联合社、西安市财政局以及西安市飞天科工贸总公司等9家企业于1997年共同发起设立的股份有限公司。1997年4月23日，人民银行向本行颁发了《金融机构法人许可证》（许可证号：D10017910037号）。1997年6月6日，西安市工商局向本行核发了《企业法人营业执照》（注册号：29446804）。本行设立时的名称为“西安城市合作银行”，注册资本为413,303,700元，股本总数为41,330.37万股。",成功,
江苏银行股份有限公司,"Bank of Jiangsu Co., Ltd.",,600919,江苏银行,,,,,"分析师指数,国证Ａ指,国证红利,红利指数,沪深300,巨潮100,巨潮大盘,上证180,中证红利",上交所,货币金融服务,袁军,1835132.4463,2007-01-22,2016-08-02,www.jsbchina.cn,dshbgs@jsbchina.cn,025-52890919,025-58588273,江苏省南京市中华路26号,江苏省南京市中华路26号,210001,各项金融业务,吸收公众存款；发放短期、中期和长期贷款；办理国内结算；办理票据承兑与贴现；发行金融债券；代理发行、代理兑付、承销政府债券、承销短期融资券；买卖政府债券、金融债券、企业债券；从事同业拆借；提供信用证服务及担保；代理收付款项及代理保险业务、代客理财、代理销售基金、代理销售贵金属、代理收付和保管集合资金信托计划；提供保险箱业务；办理委托存贷款业务；从事银行卡业务；外汇存款；外汇贷款；外汇汇款；外币兑换；结售汇、代理远期结售汇；国际结算；自营及代客外汇买卖；同业外汇拆借；买卖或代理买卖股票以外的外币有价证券；资信调查、咨询、见证业务；网上银行；经银行业监督管理机构和有关部门批准的其他业务。,"本行是经中国银监会《关于筹建江苏银行股份有限公司的批复》（银监复[2006]379号）和江苏银监局《关于江苏银行股份有限公司开业的批复》（苏银复[2006]423号）批准，由江苏省内的原无锡商行、苏州商行、南通商行、常州商行、淮安商行、徐州商行、镇江商行、扬州商行、盐城商行和连云港商行等十家城市商业银行通过合并重组设立的股份有限公司。2007年1月9日，江苏银监局向本行核发了《金融许可证》（机构编码：D10123010H0001）。2007年5月24日，江苏银监局向本行换发了《金融许可证》（机构编码：B0243H232010001）。2007年1月22日，江苏省工商行政管理局向本行核发了《企业法人营业执照》（注册号：320000000022189），注册资本为7,850,000,000元。2009年，本行向沙钢集团、苏宁电器和三胞集团定向增发5.50亿股，定向增发完成后，注册资本由7,850,000,000元变更为8,400,000,000元。2010年，本行向华泰证券、凤凰集团等11家公司定向增发7.00亿股，定向增发完成后，注册资本由8,400,000,000元变更为9,100,000,000元。2013年，本行向凤凰集团、省交通控股、宁沪高速等17家公司定向增发12.90亿股，定向增发完成后，注册资本由9,100,000,000元变更为10,390,000,000元。",成功,
杭州银行股份有限公司,"Bank of Hangzhou Co., Ltd.",,600926,杭州银行,,,,,"分析师指数,国证Ａ指,沪深300,巨潮大盘,上证180",上交所,货币金融服务,宋剑斌,724900.2548,1996-09-25,2016-10-27,www.hzbank.com.cn,ir@hzbank.com.cn,0571-85064656,0571-85151339,浙江省杭州市上城区解放东路168号,浙江省杭州市上城区解放东路168号,310016,金融服务及其相关业务。,许可项目：银行业务；结汇、售汇业务；公募证券投资基金销售；证券投资基金托管（依法须经批准的项目，经相关部门批准后方可开展经营活动，具体经营项目以审批结果为准）。,"根据1995年9月国务院颁发的《国务院关于组建城市合作银行的通知》（国发[1995]25号），城市合作银行是在城市信用合作社的基础上，由城市企业、居民和地方财政投资入股组成的股份制商业银行。1996年5月9日，人民银行以《关于筹建杭州城市合作银行的批复》（银复[1996]146号）批准筹建杭州城市合作银行（本行曾用名）。本行是由原杭州市33家城市信用社股东、信用联社（信用联社直属五个办事处）股东及杭州市财政局、杭州市上城区财政局、杭州市下城区财政局、杭州市江干区财政局、杭州市拱墅区财政局、杭州市西湖区财政局、原杭州市解放路百货商店股份有限公司（已更名为“杭州解百集团股份有限公司”）、原百大集团股份有限公司（杭州）（已更名为“百大集团股份有限公司”）、杭州市电力局、原杭州市电信局（已更名为“浙江省电信有限公司杭州市分公司”）等股东共同发起设立。根据《杭州市城市合作银行发起人协议书》，本行设立时的注册资本为30,074.1万元，全部资本划分为等额股份，每股面值为1.00元，全部由发起人认购。",成功,
南京银行股份有限公司,"Bank of Nanjing Co., Ltd.",,601009,南京银行,,,,,"分析师指数,国证Ａ指,国证红利,红利指数,沪深300,巨潮大盘,上证180,中证红利",上交所,货币金融服务,谢宁,1236356.7245,1996-02-06,2007-07-19,www.njcb.com.cn,boardoffice@njcb.com.cn,025-86775067,025-86775054,江苏省南京市建邺区江山大街88号,江苏省南京市中山路288号,210008,吸收公众存款；发放短期、中期和长期贷款；办理国内结算；办理票据承兑与贴现；发行金融债券；代理发行、代理承兑、承销政府债券；买卖政府债券、金融债券；从事同业拆借；买卖、代理买卖外汇；从事银行卡业务；提供信用证服务及担保；代理收付款项及代理保险业务；提供保管箱服务；经中国银行业监督管理委员会批准的其他业务。,吸收公众存款；发放短期、中期、和长期贷款；办理国内外结算；办理票据承兑与贴现；发行金融债券；代理发行、代理兑付、承销政府债券；买卖政府债券、金融债券；从事同业拆借；买卖、代理买卖外汇；从事银行卡业务；提供信用证服务及担保；代理收付款项及代理保险业务；提供保管箱服务；经中国银行业监督管理委员会批准的其它业务。（依法须经批准的项目，经相关部门批准后方可开展经营活动）许可项目：公募证券投资基金销售（依法须经批准的项目，经相关部门批准后方可开展经营活动，具体经营项目以审批结果为准）,"1995年8月7日，中国人民银行批准同意在南京市原39家城市信用合作社及信用联社的基础上组建南京城市合作银行。1995年12月20日，中国人民银行批准同意筹建股份有限公司形式的南京城市合作银行。1995年12月29日，南京会计师事务所对本行的注册资本进行了审验，并出具了验资报告，确认截至1995年12月29日本行实收资本人民币35,000万元。1996年2月6日，本行在南京市工商行政管理局办理了登记注册手续，并领取了注册号为[24968275-6]的《企业法人营业执照》，注册资本为3.5亿元。本行设立时的股本总额为350,000,000股，股东户数共计7,095户，其中：法人股东996户，共持有327,747,100股；自然人股东6,099户，共持有22,252,900股。",成功,
重庆农村商业银行股份有限公司,"Chongqing Rural Commercial Bank Co., Ltd.",,601077,渝农商行,,,03618,重庆农村商业银行,"国证Ａ指,红利指数,沪深300,巨潮中盘,上证180,中证红利",上交所,货币金融服务,刘小军,1135700.0,2008-06-27,2019-10-29,www.cqrcb.com,cqrcb@cqrcb.com,023-61110637,023-61110844,重庆市两江新区金沙门路36号,重庆市江北区金沙门路36号,400023,提供银行业及有关的金融服务。,许可项目：银行业务；公募证券投资基金销售；证券投资基金托管。（依法须经批准的项目，经相关部门批准后方可开展经营活动，具体经营项目以相关部门批准文件或许可证件为准）。,"本行成立于2008年6月27日，系经重庆市人民政府和中国银监会批准，在重庆市联社及39个区县行社的基础上引入新的法人股东，经过清产核资、资产评估、净资产认定、监管机构检查验收等法定程序，最终由重庆渝富等177户企业法人和84,618户自然人以新设合并方式发起设立的股份有限公司。2008年6月25日，中国银监会下发《关于重庆农村商业银行股份有限公司开业的批复》（银监复[2008]244号），同意本行开业，核准本行的注册资本、公司章程、经营范围以及董事（包括董事长和独立董事）、行长、副行长的任职资格；并规定在本行开业的同时，重庆市联社及39家区县行社自行终止，其债权债务转为发行人债权债务。2008年6月27日，重庆银监局核发《金融许可证》（机构编码：B0335H250000001），许可发行人经营中国银监会依照有关法律、行政法规和其他规定批准的业务，经营范围以批准文件所列为准。2008年6月27日，重庆市工商局向重庆农商行核发《企业法人营业执照》（注册号：500000000001239）。",成功,
江苏常熟农村商业银行股份有限公司,"Jiangsu Changshu Rural Commercial Bank Co., Ltd.",,601128,常熟银行,,,,,"国证Ａ指,巨潮小盘,上证380,中证500",上交所,货币金融服务,薛文,364817.9244,2001-12-03,2016-09-30,www.csrcbank.com,601128@csrcbank.com,0512-51601128,0512-52909021,江苏省常熟市新世纪大道58号,江苏省常熟市新世纪大道58号,215500,公司金融业务、个人金融业务、资金业务及其他。,（一）吸收公众存款；（二）发放短期、中期和长期贷款；（三）办理国内结算，办理票据承兑和贴现；（四）办理银行卡业务；（五）代理收付款项及代理保险业务，代理发行、代理兑付、承销政府债券和金融债券；（六）买卖政府债券和金融债券；（七）按中国人民银行的规定从事同业拆借；（八）提供保管箱服务；（九）外汇存款；（十）外汇贷款；（十一）外汇汇款；（十二）外币兑换；（十三）国际结算；（十四）外汇票据的承兑和贴现；（十五）结汇、售汇；（十六）资信调查、咨询及见证业务；（十七）银行业监督管理机构批准的其他业务。,"本行成立于2001年12月3日，是经《中国人民银行关于常熟市农村商业银行开业的批复》（银复[2001]197号）批准，在原常熟市农村信用合作社联合社基础上吸收部分社会法人、自然人股东改制设立而成的股份有限公司，是全国首批试点成立的农村商业银行，设立时注册资本100,170,000元。经过2004年配股，2005、2006、2007年三次送红股，2007年引入交通银行作为战略投资者和2010年和2011年资本公积转增股本和增资扩股，2015年转增股本和送红股，发行人目前注册资本为：2,000,455,172元，法定代表人为宋建明先生：总行位于江苏省常熟市新世纪大道58号。",成功,
兴业银行股份有限公司,"Industrial Bank Co., Ltd.",,601166,兴业银行,,,,,"ESG 300,ESG 40,分析师指数,国证Ａ指,国证红利,红利指数,沪深300,巨潮100,巨潮大盘,上证180,上证50,央视50,责任指数,中证红利",上交所,货币金融服务,吕家进,2116285.9513,1988-08-22,2007-02-05,www.cib.com.cn,irm@cib.com.cn,0591-87871169,0591-87871269,福建省福州市台江区江滨中大道398号兴业银行大厦,福建省福州市台江区江滨中大道398号兴业银行大厦,350014,公司业务、同业业务、资金业务、零售业务四大类，电子银行为上述各类业务发展提供了重要渠道。,吸收公众存款；发放短期、中期和长期贷款；办理国内外结算；办理票据承兑与贴现；发行金融债券；代理发行、代理兑付、承销政府债券；买卖政府债券、金融债券；代理发行股票以外的有价证券；买卖、代理买卖股票以外的有价证券；资产托管业务；从事同业拆借；买卖、代理买卖外汇；结汇、售汇业务；从事银行卡业务；提供信用证服务及担保；代理收付款项及代理保险业务；提供保管箱服务；财务顾问、资信调查、咨询、见证业务；经中国银行保险监督管理委员会批准的其他业务；保险兼业代理业务；黄金及其制品进出口；公募证券投资基金销售；证券投资基金托管。（依法须经批准的项目，经相关部门批准后方可开展经营活动，经营项目以相关部门批准文件或许可证件为准）,根据国务院以《关于福建省深化改革、扩大开放、加快外向型经济发展请示的批复》（国函[1988]58号），经中国人民银行以《关于成立福建兴业银行的批复》（银复[1988]347号）文件批准，于1988年8月在福建省工商行政管理局注册登记的股份制商业银行。本行设立后，分别于1996年、2000年及2004年三次增资扩股，2004年增资扩股后，本行注册资本为人民币39.99亿元。,成功,
北京银行股份有限公司,"Bank of Beijing Co., Ltd.",,601169,北京银行,,,,,"分析师指数,国证Ａ指,国证红利,红利指数,沪深300,巨潮大盘,上证180,中证红利",上交所,货币金融服务,关文杰,2114298.4272,1996-01-29,2007-09-19,www.bankofbeijing.com.cn,snow@bankofbeijing.com.cn,010-66426500,010-66426519,北京市西城区金融大街甲17号首层,北京市西城区金融大街丙17号,100033,商业银行业务,办理人民币存款、贷款；同业拆借业务；国内外结算；办理票据承兑、贴现、转贴现；各类汇兑业务；代理资金清算；提供信用证服务及担保；代理销售业务；代理发行、代理承销、代理兑付政府债券、金融债券、企业短期融资券；代收代付业务；代理证券资金清算业务（银证转账）；代理债券结算；代理保险业务；代理政策性银行、外国政府和国际金融机构贷款业务；保管箱服务；发行金融债券；买卖政府债券、金融债券、企业短期融资券；企业年金托管业务；开放式基金的注册登记、认购、申购和赎回业务；资信调查、咨询、见证业务；贷款承诺；企业、个人财务顾问服务、理财业务；组织或参加银团贷款；外汇存款；外汇贷款；外币兑换；出口托收及进口代收；外汇票据承兑和贴现；外汇借款；外汇担保；买卖或代理买卖股票以外的外币有价证券；自营、代客外汇买卖；金融衍生业务；银行卡业务；电话银行、网上银行、手机银行业务；办理结汇、售汇业务；代客境外理财业务；经国务院银行业监督管理机构核准的其他业务。,北京银行股份有限公司（以下简称“发行人”或“本行”）是经中国人民银行《关于北京市开展城市合作银行组建工作的复函》（银复[1995]213号）、中国人民银行《关于北京城市合作银行开业的批复》（银复[1995]470号）、中国人民银行北京市分行《转发<关于北京城市合作银行开业的批复>的通知》（京银发[1995]504号）及北京市人民政府办公厅《关于设立北京城市合作银行股份有限公司的通知》（京政办函[1996]6号）批准，原北京市90家城市信用合作社股东以及北京市财政资金管理分局、北京无线技术开发服务公司、北京市华远集团公司、北京市海淀区国有资产投资经营公司、中国机械工业供销总公司、北京城市建设开发集团总公司等六家单位以发起设立方式组建本行。1996年1月10日，本行取得中国人民银行颁发的《许可证书》（注册号为银金管字第14-0002号）；1996年1月29日，本行在北京市工商行政管理局注册登记（注册号11506439），注册资本为人民币10亿元。,成功,
厦门银行股份有限公司,"Xiamen Bank Co., Ltd.",,601187,厦门银行,,,,,"国证Ａ指,巨潮小盘,上证380,中证红利",上交所,货币金融服务,洪枇杷,263912.7888,1996-11-26,2020-10-27,www.xmbankonline.com,dshbgs@xmbankonline.com,0592-5060112,0592-5050839,福建省厦门市思明区湖滨北路101号商业银行大厦,福建省厦门市思明区湖滨北路101号商业银行大厦,361012,公司银行业务、个人银行业务及资金业务。,吸收公众存款；发放短期、中期和长期贷款；办理国内结算；办理票据贴现；发行金融债券；代理发行、代理兑付、承销政府债券；买卖政府债券；从事同业拆借；提供担保及服务；代理收付款项及代理保险业务；提供保险箱业务；办理地方财政信用周转使用资金的委托贷款业务；外汇存款、外汇贷款、外汇汇款、外币兑换、外汇同业拆借、国际结算、结汇、售汇、外汇票据的承兑和贴现、资信调查、咨询、见证业务；经银行业监督管理机构等监管机构批准的其他业务。,"本行系根据国务院《关于组建城市合作银行的通知》（国发[1995]25号）精神，经厦门市经济体制改革委员会《关于同意发起设立厦门城市合作银行股份有限公司的批复》（厦体改［1996］073号），以及中国人民银行《关于厦门市开展城市合作银行组建工作的复函》（银函［1996］185号）、《关于筹建厦门城市合作银行的批复》（银复［1996］355号）和《关于厦门城市合作银行开业的批复》（银复［1996］387号）等文件批准，在原厦门市14家城市信用社及市联社基础上，由厦门市财政局、原厦门市14家城信社及市联社股东，以及其他23名新入股法人股东发起设立的城市商业银行。本行设立时的名称为“厦门城市合作银行股份有限公司”。1998年，经厦门市经济体制改革委员会《关于厦门城市合作银行股份有限公司申请变更名称的批复》（厦体改［1998］078号）等文件批准，本行由“厦门城市合作银行股份有限公司”更名为“厦门市商业银行股份有限公司”。2009年，经中国银监会《中国银监会关于厦门市商业银行更名的批复》（银监复[2009]348号）批准，本行由“厦门市商业银行股份有限公司”更名为“厦门银行股份有限公司”。本行设立时注册资本为25,787.84万元，后经八次增资扩股，截止本招股意向书出具之日，本行注册资本为237,521.51万元。",成功,
上海银行股份有限公司,"Bank of Shanghai Co., Ltd.",,601229,上海银行,,,,,"国证Ａ指,红利指数,沪深300,巨潮大盘,上证180,中证红利",上交所,货币金融服务,顾建忠,1420903.8737,1996-01-30,2016-11-16,www.bosc.cn,webmaster@bosc.cn,021-68476988,021-68476215,上海市黄浦区中山南路688号,中国（上海）自由贸易试验区银城中路168号,200120,商业银行业务。,吸收公众存款；发放短期、中期和长期贷款；办理国内外结算；办理票据承兑与贴现；发行金融债券；代理发行、代理兑付、承销政府债券；买卖政府债券、金融债券；从事同业拆借；买卖、代理买卖外汇；从事银行卡业务；提供信用证服务及担保；代理收付款项及代理保险业务；提供保管箱服务；提供资信调查、咨询、见证业务；经中国银行业监督管理机构、中国人民银行和国家外汇管理局等监管机构批准的其他业务。,本行于1996年1月30日在原上海市98家城市信用合作社和上海市城市信用合作社联社基础上组建而成。本行设立时的名称为“上海城市合作银行”，注册资本为15.68亿元。本行是我国成立时间最早的城市商业银行之一。1998年7月16日，中国人民银行下发《关于上海城市合作银行更改行名的批复》（银复[1998]215号），批准本行名称由“上海城市合作银行”变更为“上海银行股份有限公司”。本行于2000年11月20日在上海市工商行政管理局完成名称变更登记。为了适应本行业务发展需要，进一步充实资本，经中国银行业监督管理机构的批准，本行进行了五次增资扩股和一次资本公积金转增股本。截至本招股意向书签署之日，本行注册资本为54.04亿元。,成功,
中国农业银行股份有限公司,Agricultural Bank of China Limited,,601288,农业银行,,,01288,农业银行,"ESG 300,ESG 40,分析师指数,国证Ａ指,国证红利,国证治理,红利指数,沪深300,巨潮100,巨潮大盘,上证180,上证50,中证红利,中证央企",上交所,货币金融服务,谷澍,34998303.3873,2009-01-15,2010-07-15,www.abchina.com,ir@abchina.com,010-85108888,010-85108557,北京市东城区建国门内大街69号,北京市东城区建国门内大街69号,100005,商业银行业务,吸收公众存款；发放短期、中期、长期贷款；办理国内外结算；办理票据承兑与贴现；发行金融债券；代理发行、代理兑付、承销政府债券；买卖政府债券、金融债券；从事同业拆借；买卖、代理买卖外汇；结汇、售汇；从事银行卡业务；提供信用证服务及担保；代理收付款项及代理保险业务；提供保管箱服务；代理资金清算；各类汇兑业务；代理政策性银行、外国政府和国际金融机构贷款业务；贷款承诺；组织或参加银团贷款；外汇存款；外汇贷款；外汇汇款；外汇借款；发行、代理发行、买卖或代理买卖股票以外的外币有价证券；外汇票据承兑和贴现；自营、代客外汇买卖；外币兑换；外汇担保；资信调查、咨询、见证业务；企业、个人财务顾问服务；证券公司客户交易结算资金存管业务；证券投资基金托管业务；企业年金托管业务；产业投资基金托管业务；合格境外机构投资者境内证券投资托管业务；代理开放式基金业务；电话银行、手机银行、网上银行业务；金融衍生产品交易业务；经国务院银行业监督管理机构等监管部门批准的其他业务。,"本行的前身最早可追溯至1951年成立的农业合作银行。1979年2月后，本行相继经历了国家专业银行、国有独资商业银行和国有控股商业银行等不同发展阶段。1999年，本行获准向新成立的中国长城资产管理公司剥离3,458亿元不良资产。2009年1月13日，银监会以《中国银监会关于中国农业银行改制为股份有限公司的批复》（银监复[2009]13号）批准本行改制为中国农业银行股份有限公司，并于2009年1月13日向本行颁发机构编码为B0002H111000001的金融许可证。2009年1月15日，国家工商行政管理总局向本行颁发了注册号为100000000005472的企业法人营业执照，本行正式成立股份有限公司，注册资本为人民币2,600亿元，财政部与汇金公司作为发起人，分别拥有本行50%的股份。。2010年4月29日，本行的注册资本变更为人民币2,700亿元，财政部、汇金公司、社保基金理事会所持本行股份的比例分别约为48.15%、48.15%、3.70%。",成功,
交通银行股份有限公司,"Bank of Communications Co., Ltd.",,601328,交通银行,,,03328,交通银行,"ESG 40,国证Ａ指,国证红利,国证治理,红利指数,沪深300,巨潮100,巨潮大盘,上证180,上证50,责任指数,中证红利,中证央企",上交所,货币金融服务,任德奇,8836378.4223,1987-03-30,2007-05-15,www.bankcomm.com,investor@bankcomm.com,021-23538555,021-58798398,上海市中国（上海）自由贸易试验区银城中路188号,上海市浦东新区银城中路188号,200120,经营吸收公众存款；发放短期、中期和长期贷款；办理国内外结算；办理票据贴现；发行金融债券等。,（一）吸收公众存款；（二）发放短期、中期和长期贷款；（三）办理国内外结算；（四）办理票据承兑与贴现；（五）发行金融债券；（六）代理发行、代理兑付、承销政府债券；（七）买卖政府债券、金融债券；（八）从事同业拆借；（九）买卖、代理买卖外汇；（十）从事银行卡业务；（十一）提供信用证服务及担保；（十二）代理收付款项及代理保险业务；（十三）提供保管箱服务；（十四）经各监督管理部门或者机构批准的其他业务。本行经中国人民银行批准，可以经营结汇、售汇业务。,"交通银行始建于1908年（清光绪三十四年），是中国历史最悠久的银行之一，也是近代中国的发钞行之一。交通银行成立后，经办轮、路、邮、电等交通四政存款，还受政府委托分理国家金库、办理国外款项、发行兑换券、经办国内外汇兑及一般银行业务。解放前，交通银行与中央银行、中国银行、中国农民银行并列为中国四大银行，在近代中国金融史上占有重要地位。1958年，交通银行内地业务分别并入当地人民银行以及在交行基础上成立的中国人民建设银行，交行香港分行则持续营业。1986年，国务院批准重新组建交通银行。1987年4月1日，重新组建后的交通银行正式对外营业，成为中国第一家全国性的国有股份制商业银行，总行设在上海。重新组建后的交通银行，身兼双重历史使命，既是百年民族金融品牌的继承者，又是中国金融体制改革的先行者，实现了六个“第一”：第一家资本来源和产权形式实行股份制；第一家按市场原则和成本—效益原则设置机构；第一家打破金融行业业务范围垄断，将竞争机制引入金融领域；第一家引进资产负债比例管理，并以此规范业务运作，防范经营风险；第一家建立双向选择的新型银企关系；第一家可以从事银行、保险、证券业务的综合性商业银行。2004年，国务院批准《交通银行深化股份制改革整体方案》。根据改革方案，交通银行2004年完成以增资扩股和集中处置不良贷款为核心内容的财务重组，在国有五大银行中第一家完成财务重组；2004年成功引进汇丰银行作为境外战略投资者，在国有五大银行中第一家成功引进外资；2005年成功发行H股并在香港联交所主板挂牌上市，成为中国境内第一家赴境外发行上市的商业银行；2007年成功发行A股并在上海证券交易所挂牌上市。交通银行的发展战略是：走国际化、综合化道路，建设以财富管理为特色的一流公众持股银行集团（简称“两化一行”战略）；企业愿景是：建设中国最佳财富管理银行；企业精神是：拼搏进取、责任立业、创新超越；企业使命是：创造共同价值；经营理念是：一个交行、一个客户；广告语是：百年交行——您的财富管理银行。交通银行是中国主要金融服务供应商之一，业务范围涵盖商业银行、证券、信托、金融租赁、基金管理、保险、离岸金融服务等。截至2016年末，交通银行境内分行机构232家，其中省分行30家、直属分行7家、省辖行195家，在全国236个地级和地级以上城市、167个县或县级市共设有3,285个营业网点；旗下全资子公司包括交银国际、交银保险和交银租赁，控股子公司包括交银基金、交银国信、",成功,
中国工商银行股份有限公司,Industrial and Commercial Bank of China Limited,,601398,工商银行,,,01398,工商银行,"分析师指数,国证A50,国证Ａ指,国证红利,国证治理,红利指数,沪深300,巨潮100,巨潮大盘,上证180,上证50,央视50,中证A100,中证红利,中证央企",上交所,货币金融服务,廖林,35640625.7089,2005-10-28,2006-10-27,www.icbc.com.cn、www.icbc-ltd.com,ir@icbc.com.cn,010-66108608,010-66018522,北京市西城区复兴门内大街55号,北京市西城区复兴门内大街55号,100140,公司银行业务、个人银行业务、资金业务以及其他业务。,办理人民币存款、贷款；同业拆借业务；国内外结算；办理票据承兑、贴现、转贴现；各类汇兑业务；代理资金清算；提供信用证服务及担保；代理销售业务；代理发行、代理承销、代理兑付政府债券；代收代付业务；代理证券资金清算业务（银证转账）；代理保险业务；代理政策性银行、外国政府和国际金融机构贷款业务；保管箱服务；发行金融债券；买卖政府债券、金融债券；证券投资基金、企业年金托管业务；企业年金受托管理服务、年金账户管理服务；开放式基金的注册登记、认购、申购和赎回业务；资信调查、咨询、见证业务；贷款承诺；企业、个人财务顾问服务；组织或参加银团贷款；外汇存款；外汇贷款；外币兑换；出口托收及进口代收；外汇票据承兑和贴现；外汇借款；外汇担保；发行、代理发行、买卖或代理买卖股票以外的外币有价证券；自营、代客外汇买卖；外汇金融衍生业务；银行卡业务；电话银行、网上银行、手机银行业务；办理结汇、售汇业务；经国务院银行业监督管理机构核准的其他业务。,中国工商银行是国内最大的国有商业银行之一。中国工商银行自成立以来，各项业务发展迅速。中国工商银行拥有近2.6万个分支机构，拥有810万个法人账户和4亿个个人存款账户。全行电子化覆盖率为100%，人民币结算市场份额为45%，证券、期货、黄金交易市场的清算份额保持在50%以上。中国工商银行不仅是国内实力雄厚的大银行之一，而且已跻身于世界大银行的前列。美国《财富》杂志以营业收入排序，中国工商银行连续四年进入世界500强。2002年，被《银行家》、《环球金融》杂志评为中国最佳银行。按一级资本排序，中国工商银行居全球大银行第十位。,成功,
浙江绍兴瑞丰农村商业银行股份有限公司,"Zhejiang Shaoxing RuiFeng Rural Commercial Bank Co., Ltd.",,601528,瑞丰银行,,,,,"国证2000,国证Ａ指,上证380",上交所,货币金融服务,吴智晖,196216.1395,2005-01-28,2021-06-25,www.borf.cn,office@borf.cn,0575-81105353,0575-84788100,浙江省绍兴市柯桥区柯桥笛扬路1363号,浙江省绍兴市柯桥区柯桥笛扬路1363号,312030,本行的核心业务包括公司业务、个人业务、资金业务。,许可项目：银行业务；公募证券投资基金销售（依法须经批准的项目，经相关部门批准后方可开展经营活动，具体经营项目以审批结果为准）。,2004年12月1日，绍兴县农村合作银行筹建工作小组上报《关于浙江绍兴县农村合作银行开业的请示》（绍农合银筹[2004]7号），申请开业。2004年12月31日，中国银行业监督管理委员会下发《中国银行业监督管理委员会关于浙江绍兴县农村合作银行开业的批复》（银监复[2004]231号），同意浙江绍兴县农村合作银行开业，并核准《浙江绍兴县农村合作银行章程》。本行为股份合作制的农村合作银行，实行一级法人、统一核算、分级管理、授权经营的管理体制；本行开业的同时，浙江省绍兴县农村信用合作联社及所辖农村信用合作社自行终止，其债权债务转为本行的债权债务；成立时本行经核准的业务范围为：吸收公众存款；发放短期、中期和长期贷款；办理国内外结算；办理票据承兑与贴现；代理发行、代理兑付、承销政府债券；买卖政府债券、金融债券；从事同业拆借；代理收付款项及代理保险业务；提供保管箱服务；外汇存款；外汇贷款；外汇汇款；外币兑换；结汇、售汇；经中国银行业监督管理委员会批准的其他业务。,成功,
长沙银行股份有限公司,"Bank of Changsha Co., Ltd.",,601577,长沙银行,,,,,"国证Ａ指,巨潮中盘,上证380,中证500",上交所,货币金融服务,张曼,402155.3754,1997-08-18,2018-09-26,www.bankofchangsha.com,bankofchangsha@cscb.cn,0731-89934772,0731-84305417,湖南省长沙市岳麓区滨江路53号楷林商务中心B座,湖南省长沙市岳麓区滨江路53号楷林商务中心B座,410205,包括公司金融业务、零售金融业务和资金业务等。,许可项目：银行业务；公募证券投资基金销售；证券投资基金托管。（依法须经批准的项目，经相关部门批准后方可开展经营活动，具体经营项目以相关部门批准文件或许可证件为准）,"根据中国人民银行1996年3月7日下发的《关于在西安等19个城市开展城市合作银行组建工作的通知》（银发[1996]88号），1996年8月8日下发的《关于长沙市开展城市合作银行组建工作的复函》（银函[1996]283号），1997年1月22日下发的《关于筹建长沙城市合作银行的批复》（银复[1997]36号）、1997年5月13日下发的《关于长沙城市合作银行开业的批复》（银复[1997]197号），以及发起人签署的《发起人协议书》，本行由长沙市财政局、长沙市开福区财政局、长沙市芙蓉区财政局、长沙市天心区财政局、湖南省邮电管理局、长沙信达实业股份有限公司、长沙市商业总公司及原长沙市十四家城市信用社和市联社的原股东为发起人发起设立，设立时注册资本为118,796,300元，总股本118,796,300股。经历次分红送股、增资扩股、资本公积转增股本，截至本招股意向书签署之日，本行注册资本为3,079,398,378元。1998年5月12日，中国人民银行湖南省分行下发《关于长沙城市合作银行更名为长沙市商业银行的批复》（湘银复[1998]52号），同意“长沙城市合作银行”更名为“长沙市商业银行”。2008年9月10日，中国银监会下发《关于长沙市商业银行更名的批复》（银监复[2008]357号），同意“长沙市商业银行股份有限公司”更名为“长沙银行股份有限公司”，简称“长沙银行”。",成功,
中国邮政储蓄银行股份有限公司,"Postal Savings Bank of China Co., Ltd.",,601658,邮储银行,,,01658,邮储银行,"国证Ａ指,国证红利,沪深300,巨潮100,巨潮大盘,上证180,上证50,中证红利,中证央企",上交所,货币金融服务,郑国雨,12009505.3492,2007-03-06,2019-12-10,www.psbc.com,psbc.ir@psbcoa.com.cn,010-68858158,010-68858165,北京市西城区金融大街3号,北京市西城区金融大街3号,100808,个人银行业务、公司银行业务及资金业务。,吸收公众存款；发放短期、中期、长期贷款；办理国内外结算；办理票据承兑和贴现；发行金融债券；代理发行、代理兑付、承销政府债券；买卖政府债券、金融债券；从事同业拆借；买卖、代理买卖外汇；从事银行卡业务；提供信用证服务及担保；代理收付款项及代理保险业务；提供保险箱服务；经中国银行业监督管理机构等监管部门批准的其他业务。,中国邮政储蓄银行有限责任公司于2007年3月6日正式成立，是在改革邮政储蓄管理体制的基础上组建的商业银行。中国邮政储蓄银行承继原国家邮政局、中国邮政集团公司经营的邮政金融业务及因此而形成的资产和负债，并将继续从事原经营范围和业务许可文件批准/核准的业务。邮政储蓄自1986年恢复开办以来，现已建成覆盖全国城乡网点面最广、交易额最多的个人金融服务网络：拥有储蓄营业网点3.7万个，汇兑营业网点4.5万个，国际汇款营业网点2万个。,成功,
齐鲁银行股份有限公司,"Qilu Bank Co., Ltd.",,601665,齐鲁银行,,,,,"国证Ａ指,巨潮小盘,上证380,中证500",上交所,货币金融服务,郑祖刚,615384.2525,1996-06-05,2021-06-18,www.qlbchina.com,ir@qlbchina.com,0531-86075850,0531-86923511,山东省济南市历下区经十路10817号,山东省济南市历下区经十路10817号,250014,公司银行业务、个人银行业务及资金业务。,人民币业务：吸收公众存款；发放短期、中期和长期贷款；办理国内结算；办理票据贴现；发行金融债券；代理发行、代理兑付、承销政府债券；买卖政府债券；从事同业拆借；提供担保；代理收付款项及代理保险业务；提供保管箱服务；办理地方财政信用周转使用资金委托存贷款业务。外汇业务：外汇存款；外汇贷款；外汇汇款；外币兑换；国际结算；同业外汇拆借；外汇票据的承兑和贴现；外汇借款；外汇担保；结汇、售汇；资信调查、咨询、见证业务。经国务院银行业监督管理机构等审批机关核准的其他业务。,1996年5月28日，中国人民银行下发《关于济南城市合作银行开业的批复》（银复〔1996〕167号），批复同意济南城市合作银行开业，并核准济南城市合作银行章程；济南市16家城市信用合作社按协议自动解散，成为济南城市合作银行分支机构，联社自动终止。16家城市信用合作社及联社的债权债务转为济南城市合作银行的债权债务。1996年6月3日，中国人民银行向济南城市合作银行颁发D10014500003号《中华人民共和国金融机构法人许可证》。1996年6月5日，济南城市合作银行在济南市工商行政管理局办理登记注册手续，并领取了注册号为26435229-6的《企业法人营业执照》。本行在山东省工商行政管理局注册登记，取得营业执照，统一社会信用代码为91370000264352296L。,成功,
中国光大银行股份有限公司,China Everbright Bank Company Limited,,601818,光大银行,,,06818,中国光大银行,"ESG 300,国证Ａ指,国证红利,红利指数,沪深300,巨潮100,巨潮大盘,上证180,中证红利,中证央企",上交所,货币金融服务,吴利军,5908555.1061,1997-01-15,2010-08-18,www.cebbank.com,IR@cebbank.com,010-63636363,010-63639066、010-63639088,北京市西城区太平桥大街25号、甲25号中国光大中心,北京市西城区太平桥大街25号、甲25号中国光大中心,100033,商业银行业务,（一）吸收公众存款；（二）发放短期、中期和长期贷款；（三）办理国内外结算；（四）办理票据承兑与贴现；（五）发行金融债券；（六）代理发行、代理兑付、承销政府债券；（七）买卖政府债券、金融债券；（八）从事同业拆借；（九）买卖、代理买卖外汇；（十）从事银行卡业务；（十一）提供信用证服务及担保；（十二）代理收付款项及代理保险业务；（十三）提供保管箱服务；（十四）经中国银监会批准的其他业务。,本行的前身中国光大银行成立于1992年6月18日，是经国务院批复并经人民银行批准设立的金融企业。经股份制改造，光大集团总公司、中国烟草总公司云南省公司、亚洲开发银行等131家股东共同作为发起人，于1997年将本行改制为中国光大银行股份有限公司。改制完成后，本行成为国内第一家国有控股并有国际金融组织参股的全国性股份制商业银行，注册资本为28亿元，股本总数为28亿股，每股面值1.00元，其中光大集团总公司持股51.07%，其余130家股东持股48.93%。本行于1999年7月6日取得国家工商行政管理局核发的注册名称为“中国光大银行股份有限公司”的《企业法人营业执照》（1000001001174）。,成功,
上海农村商业银行股份有限公司,"Shanghai Rural Commercial Bank Co., Ltd.",,601825,沪农商行,,,,,"ESG 300,国证Ａ指,红利指数,沪深300,巨潮大盘,上证180,中证红利",上交所,货币金融服务,徐力,964444.4445,2005-08-23,2021-08-19,www.shrcb.com,ir@shrcb.com,021-61899999,021-50105180,上海市黄浦区中山东二路70号,上海市黄浦区中山东二路70号,200002,公司银行业务、个人银行业务和金融市场业务。,吸收公众存款；发放短期、中期和长期贷款；办理国内外结算；办理票据承兑与贴现；代理发行、代理兑付、承销政府债券；买卖政府债券、金融债券；从事同业拆借；从事银行卡服务；外汇存款，外汇贷款，外汇汇款，国际结算，同业外汇拆借，资信调查、咨询和见证业务；代理收付款项及代理保险业务；提供保管箱服务；经中国银行业监督管理委员会批准的其他业务，结汇、售汇业务。（依法须经批准的项目，经相关部门批准后方可开展经营活动）,"本行系根据国务院批准的《上海市农村信用合作社体制改革实施方案》，经中国银监会和上海市政府批准，由原上海市农村信用合作社联合社、14家区（县）联社、219家基层信用社共234家上海市农村信用合作社法人机构改制而来。2005年8月17日，上海农村商业银行筹备工作小组向中国银监会提交了《关于上海农村商业银行股份有限公司开业的请示》（沪农商行筹发〔2005〕12号），上海农村商业银行的筹建工作已全部完成，申请开业。2005年8月19日，中国银监会出具《中国银行业监督管理委员会关于上海农村商业银行股份有限公司开业的批复》（银监复〔2005〕217号），同意本行开业，并核准《上海农村商业银行股份有限公司章程》；本行开业的同时，上海市农村信用合作社联合社及所辖农村信用社联合社与农村信用合作社自行终止，其债权债务转为本行的债权债务；同意各董事任职资格，核准董事长、副董事长、行长及副行长的任职资格。2005年8月22日，上海市政府出具《关于同意设立上海农村商业银行股份有限公司的批复》（沪府发改审〔2005〕第005号），同意设立上海农村商业银行股份有限公司。2005年8月23日，原上海市工商行政管理局核发《企业法人营业执照》（注册号：3100001007291)，注册资本为人民币3,000,294,306.00元。企业法人统一社会信用代码：913100007793473149。",成功,
成都银行股份有限公司,"Bank of Chengdu Co., Ltd.",,601838,成都银行,,,,,"国证Ａ指,红利指数,沪深300,巨潮中盘,上证180,中证红利",上交所,货币金融服务,黄建军,423843.5356,1997-05-08,2018-01-31,www.bocd.com.cn,ir@bocd.com.cn,028-86160295,028-86160009,四川省成都市西御街16号,四川省成都市西御街16号,610015,公司银行业务、个人银行业务、资金业务等。,吸收公众存款；发放短期、中期和长期贷款；办理国内结算；办理票据承兑与贴现；发行金融债券；代理发行、代理兑付、承销政府债券；买卖政府债券、金融债券；从事同业拆借；从事银行卡业务；提供信用证服务及担保；代理收付款项及代理保险业务；提供保管箱服务；外汇存款；外汇贷款；国际结算；外汇汇款；外币兑换；同业外汇拆借；结汇、售汇业务；资信调查、咨询和见证业务；证券投资基金销售业务。（经国务院银行业监督管理机构及其他有权部门批准的其他业务）,本行由成都市财政局、成都高新技术产业开发区财政税务局，成都市技术改造投资公司等22家企业，以及成都城市信用联社及下设的7个办事处和36家城市信用社的股东发起设立，并于1997年5月8日在成都市工商局登记注册。1998年4月22日，中国人民银行四川省分行以《关于同意成都城市合作银行更名为成都市商业银行的批复》（川人行银[1998]89号），批准“成都城市合作银行”更名为“成都市商业银行股份有限公司”。2008年8月6日，中国银监会以《中国银监会关于成都市商业银行更名的批复》（银监复[2008]312号），批准“成都市商业银行股份有限公司”更名为“成都银行股份有限公司”。本行总行已取得中国银监会颁发的机构编码为B0207H251010001号的《金融许可证》。,成功,
江苏紫金农村商业银行股份有限公司,"Jiangsu Zijin Rural Commercial Bank Co., Ltd.",,601860,紫金银行,,,,,"国证2000,国证Ａ指",上交所,货币金融服务,邵辉,366102.2717,2011-03-25,2019-01-03,www.zjrcbank.com,boardoffice@zjrcbank.com,025-88866792,025-88866660,江苏省南京市建邺区江东中路381号,江苏省南京市建邺区江东中路381号,210019,公司金融业务、个人金融业务、资金业务及其他。,（一）吸收本外币公众存款；（二）发放本外币短期、中期和长期贷款；（三）办理国内外结算；（四）办理票据承兑与贴现；（五）代理发行、代理兑付、承销政府债券；（六）买卖政府债券、金融债券；（七）从事本外币同业拆借；（八）从事银行卡业务；（九）外汇汇款；（十）外币兑换；（十一）结汇、售汇；（十二）外汇担保；（十三）资信调查、咨询和见证业务；（十四）代理收付款项及代理保险业务；（十五）提供保管箱服务；（十六）基金销售；（十七）经有关监管机构批准的其他业务。,本行系经《关于筹建江苏紫金农村商业银行股份有限公司的批复》（银监复［2010］313号）、《关于江苏紫金农村商业银行股份有限公司开业的批复》（苏银监复［2011］119号）等文件批准，由市区联社、江宁联社、六合联社和浦口联社合并改制组建的股份制银行。2011年3月25日，本行取得了江苏省工商行政管理局颁发的注册号为320000000096983的《企业法人营业执照》。,成功,
浙商银行股份有限公司,"China Zheshang Bank Co., Ltd.",,601916,浙商银行,,,02016,浙商银行,"国证Ａ指,红利指数,沪深300,巨潮中盘,上证180,中证红利",上交所,货币金融服务,陈海强,2746463.5963,1993-04-16,2019-11-26,www.czbank.com,ir@czbank.com,0571-88268966,0571-87659826,浙江省杭州市萧山区鸿宁路1788号,浙江省杭州市上城区民心路1号,310006,公司银行业务、零售银行业务和资金业务。,吸收公众存款；发放短期、中期和长期贷款；办理国内外结算；办理票据承兑与贴现；发行金融债券；代理发行、代理兑付、承销政府债券；买卖政府债券、金融债券；从事同业拆借；买卖、代理买卖外汇；从事银行卡业务；提供信用证服务及担保；代理收付款项及代理保险业务；提供保管箱服务；经国务院银行业监督管理机构批准的其他业务。经中国人民银行批准，浙商银行可以经营结汇、售汇业务。,2004年5月12日，本行创立大会暨股东大会审议通过了《关于浙江商业银行重组工作的报告》、《浙商银行股份有限公司章程》，并选举了本行董事会、监事会成员。同时，本行各发起人签署了《浙商银行股份有限公司章程》。2004年5月19日，浙江天健会计师事务所出具了浙天会[2004]第175号验资证明，对浙商银行股份有限公司（筹）截至2004年4月30日的总股本进行了验证。2004年7月6日，本行取得了中国银监会核发的编号为00000423（机构编码：B11013310H0001）的《金融许可证》。2004年7月9日，浙江省工商局以“（国）名称变核内字[2004]第342号”《企业名称变更核准通知书》，核准浙江商业银行名称变更为“浙商银行股份有限公司”。2004年7月22日，中华人民共和国商务部以“商资批[2004]1089号”《商务部关于同意浙江商业银行股权转让变更为内资企业的批复》，同意浙江商业银行中方投资者中国银行、交通银行及外方投资者南洋商业银行将其持有的浙江商业银行股权转让给国信公司，本行变更为内资企业。2004年7月26日，本行取得浙江省工商局核发的注册号为3300001010766的《企业法人营业执照》。,成功,
中国建设银行股份有限公司,China Construction Bank Corporation,,601939,建设银行,,,00939,建设银行,"分析师指数,国证Ａ指,国证红利,国证治理,红利指数,沪深300,巨潮100,巨潮大盘,上证180,央视50,中证红利,中证央企",上交所,货币金融服务,张金良,26160038.1459,2004-09-17,2007-09-25,www.ccb.com,ir@ccb.com,010-67597114,010-66212862,北京市西城区金融大街25号,北京市西城区金融大街25号,100033,商业银行业务,吸收公众存款；发放短期、中期、长期贷款；办理国内外结算；办理票据承兑与贴现；发行金融债券；代理发行、代理兑付、承销政府债券；买卖政府债券、金融债券；从事同业拆借；买卖、代理买卖外汇；从事银行卡业务；提供信用证服务及担保；代理收付款项及代理保险业务；提供保管箱服务；经国务院银行业监督管理机构等监管部门批准的其他业务。,2004年9月14日，银监会以《中国银行业监督管理委员会关于中国建设银行重组改制设立中国建设银行股份有限公司的批复》（银监复[2004]143号）批准原建行以分立的方式进行重组，设立中国建设银行股份有限公司。依据《公司法》并经银监会批准，本行、中国建投与汇金公司于2004年9月15日签署《分立协议》。根据该协议，原建行分立为本行和中国建投。银监会于2004年9月15日向本行颁发了机构编码为B10411000H0001的金融许可证。2004年9月17日，国家工商行政管理总局向本行颁发了注册号为1000001003912的企业法人营业执照，本行正式成立。,成功,
重庆银行股份有限公司,"Bank of Chongqing Co., Ltd.",,601963,重庆银行,,,01963,重庆银行,"国证2000,国证Ａ指,中证红利",上交所,货币金融服务,杨秀明,362577.6792,1996-09-02,2021-02-05,www.cqcbank.com,ir@cqcbank.com,023-63367688,023-63799024,重庆市江北区永平门街6号,重庆市江北区永平门街6号,400024,公司银行业务、零售银行业务、资金业务等。,吸收公众存款；发放短期、中期和长期贷款；办理国内结算；办理票据承兑贴现；发行金融债券；代理发行、代理兑付、承销政府债券；买卖政府债券；从事同业拆借；提供信用证服务及担保；代理收付款项及代办保险业务；提供保管箱业务；信贷资产转让业务；办理地方财政周转金的委托贷款业务。外汇存款；外汇贷款；外币兑换；国际结算；结汇、售汇；同业外汇拆借；自营和代客买卖外汇；普通类衍生产品交易；买卖除股票以外的外币有价证券；资信调查、咨询、见证业务；开办信用卡业务；证券投资基金销售业务；办理账务查询、网上转账、代理业务、贷款业务、集团客户管理、理财服务、电子商务、客户服务、公共信息等网上银行业务；经中国银行业监督管理机构批准的其他业务。,"本行成立于1996年9月2日，系根据国务院《关于组建城市合作银行的通知》（国发[1995]25号）精神，经人民银行《关于筹建重庆城市合作银行的批复》（银复[1996]140号）和《关于重庆城市合作银行开业的批复》（银复[1996]278号）批准，由重庆市原37家城市信用社和1家市联社的原股东、重庆警通实业总公司等39家企业和事业单位以及重庆市财政局等10家地方财政局，共同以发起方式设立的城市商业银行，本行设立时的注册资本为255,190,000元。本行设立时名称为“重庆城市合作银行”。1998年3月31日，经中国人民银行重庆市分行批准，本行更名为“重庆市商业银行股份有限公司”。2007年8月1日，经中国银监会批准，本行更名为“重庆银行股份有限公司”。截至2020年6月30日，本行注册资本为3,127,054,805元。",成功,
中国银行股份有限公司,Bank of China Limited,,601988,中国银行,,,03988,中国银行,"国证Ａ指,国证红利,红利指数,沪深300,巨潮100,巨潮大盘,上证180,上证50,央视50,中证红利,中证央企",上交所,货币金融服务,葛海蛟,32221241.1814,1983-10-31,2006-07-05,www.boc.cn,bocir@bank-of-china.com,010-66596688,010-66016871,北京市西城区复兴门内大街1号,北京市西城区复兴门内大街1号,100818,吸收人民币存款；发放短期、中期和长期贷款；办理结算；办理票据贴现；发行金融债券等等。,吸收人民币存款；发放短期、中期和长期贷款；办理结算；办理票据贴现；发行金融债券；代理发行、代理兑付、承销政府债券；买卖政府债券；从事同业拆借；提供信用证服务及担保；代理收付款项及代理保险业务；提供保管箱服务；外汇存款；外汇贷款；外汇汇款；外币兑换；国际结算；同业外汇拆借；外汇票据的承兑和贴现；外汇借款；外汇担保；结汇、售汇；发行和代理发行股票以外的外币有价证券；买卖和代理买卖股票以外的外币有价证券；自营外汇买卖；代客外汇买卖；外汇信用卡的发行和代理国外信用卡的发行及付款；资信调查、咨询、见证业务；组织或参加银团贷款；国际贵金属买卖；海外分支机构经营当地法律许可的一切银行业务；在港澳地区的分行依据当地法令可发行或参与代理发行当地货币；经中国银行业监督管理委员会等监管部门批准的其他业务。,"本行于1912年成立，1949年新中国成立时行使国家的外汇银行职能。1949年至90代初期，本行继续担任专营外汇业务的商业银行。自1994年起，本行逐步成为一家提供全面服务的商业银行。除了商业银行业务之外，自1983年和1992年起，本行主要通过在香港的子公司从事投资银行业务和保险业务。本行在境外经营银行业务的历史也相当悠久，目前本行在我国商业银行中拥有最广泛的海外分支机构网络，业务遍布香港、澳门和25个境外国家。1994年本行由外汇外贸专业银行开始向国有商业银行转化。1994年和1995年本行的香港分行和澳门分行分别在香港和澳门成为发钞行。2003年国务院选定本行作为股份制改革的试点银行之一，对本行注资225亿美元。2004年8月26日，本行整体改制为股份制商业银行，完整承继中国银行的资产和负债。随后，本行先后引进了RBSChina、亚洲金融、瑞士银行、亚洲开发银行及社保基金等投资者。2006年5月，本行成功发行了29，403,878,000股H股普通股（包括悉数行使超额配售选择权部分），并于2006年6月1日在香港联合交易所上市交易。",成功,
中信银行股份有限公司,China CITIC Bank Corporation Limited,,601998,中信银行,,,00998,中信银行,"分析师指数,国证Ａ指,国证红利,红利指数,沪深300,巨潮100,巨潮大盘,上证180,中证红利,中证央企",上交所,货币金融服务,方合英,5564516.2264,1987-04-07,2007-04-27,www.citicbank.com,ir@citicbank.com,010-66638188,010-65559255,北京市朝阳区光华路10号院1号楼6-30层、32-42层,北京市朝阳区光华路10号院1号楼6-30层、32-42层,100020,公司银行业务、零售银行业务及资金资本市场业务。,（一）吸收公众存款；（二）发放短期、中期和长期贷款；（三）办理国内外结算；（四）办理票据承兑与贴现；（五）发行金融债券；（六）代理发行、代理兑付、承销政府债券；（七）买卖政府债券、金融债券；（八）从事同业拆借；（九）买卖、代理买卖外汇；（十）从事银行卡业务；（十一）提供信用证服务及担保；（十二）代理收付款；（十三）提供保管箱服务；（十四）结汇、售汇业务；（十五）保险兼业代理业务；（十六）代理开放式基金业务；（十七）办理黄金业务（含黄金进出口）；（十八）开展证券投资基金、企业年金基金、保险资金、合格境外机构投资者托管业务；（十九）经国务院银行业监管机构等监管机构批准的其他业务。,本行是经国务院办公厅及人民银行的批准，于1987年4月20日在中信集团原银行部基础上改组而成，原名中信实业银行。2005年8月2日，为贯彻逐步向零售银行与公司银行业务并行发展的战略，本行名称由中信实业银行变更为中信银行，英文名由CITIC INDUSTRIAL BANK 变更为CHINA CITIC BANK。本行股份制改造前，一直是中信集团全资所属的国有企业。经国务院原则同意，并经财政部《财政部关于中信银行国有股权管理方案的批复》（财金[2006]121号）和银监会《中国银行业监督管理委员会关于中信银行改制为股份有限公司有关事项的批复》（银监复[2006]455号）批准，本行经股份制改造，由中信集团与中信国金作为发起人，将本行整体改制为中信银行股份有限公司，并于2006年12月31日取得《企业法人营业执照》（注册号为1000001000600）。,成功,
贵阳银行股份有限公司,"Bank of Guiyang Co., Ltd.",,601997,贵阳银行,,,,,"国证Ａ指,巨潮小盘,上证380,中证500,中证红利",上交所,货币金融服务,无法定代表人,365619.8076,1997-04-15,2016-08-16,www.bankgy.cn,gysh_2007@126.com,0851-86859036、0851-4001196033,0851-86859053,贵州省贵阳市观山湖区长岭北路中天·会展城B区金融商务区东区1-6栋,贵州省贵阳市观山湖区长岭北路中天·会展城B区金融商务区东区1-6栋,550081,公司金融业务、个人金融业务、资金业务及其他。,人民币业务：吸收公众存款、发放短期、中期和长期贷款、办理国内结算；办理票据贴现、承兑、发行金融债券、代理发行、代理兑付、承销政府债券、买卖政府债券；从事同业拆借、提供信用证服务及担保、代理收付款项及代理保险业务、提供保险箱业务；办理地方财政信用周转使用资金的委托贷款业务；基金销售；经监管机构批准的各项代理业务；外汇业务：外汇存款；外汇贷款；外汇汇款；国际结算；外币兑换；同业外汇拆借；结汇、售汇；资信调查、咨询和见证业务；经监管机构批准的其他业务。,本行由贵阳市原二十五家城市信用社改制而成。根据《国务院关于组建城市合作银行的通知》（国发[1995]25号）的精神，经中国人民银行1996年5月30日《关于贵阳市开展城市合作银行组建工作的复函》（银函（1996）193号）、中国人民银行1996年11月25日《关于筹建贵阳城市合作银行的批复》（银复[1996]396号）、中国人民银行1997年3月19日《关于贵阳城市合作银行开业的批复》（银复[1997]121号）、中国人民银行贵州省分行1997年4月8日《转发人总行<关于贵阳城市合作银行开业的批复>的通知》（黔银发[1997]108号）批准，由贵阳市财政局以现金出资、原二十五家城市信用社的股东以净资产折股投入方式共同发起组建本行。本行设立时的注册资本为2亿元，设立时住所为贵阳市瑞金北路75号；设立时的法定代表人为宋代洪；经营范围为主营：吸收公众存款，发放短期、中期和长期贷款、办理国内结算；办理票据贴现，发行金融债券，代理发行、代理兑付，承接政府债券。兼营：买卖政府债券；从事同行拆借，提供担保；代理收付款项及代理保险业务、提供保险箱业务、办理地方财政信用周转使用资金的委托贷款业务、经中国人民银行批准的其它业务。1997年4月11日，本行取得中国人民银行颁发的D10017010032号《中华人民共和国金融机构法人许可证》。1997年4月15日，本行取得贵阳市工商行政管理局颁发的《企业法人营业执照》，注册号：29093173。,成功,
江苏苏州农村商业银行股份有限公司,"Jiangsu Suzhou Rural Commercial Bank Co., Ltd.",吴江银行,603323,苏农银行,,,,,"国证2000,国证Ａ指",上交所,货币金融服务,徐晓军,222039.5581,2004-08-25,2016-11-29,www.szrcb.com,office@wjrcb.com,0512-63969966,0512-63969800,江苏省苏州市吴江区中山南路1777号,江苏省苏州市吴江区中山南路1777号,215200,公司金融业务、个人金融业务、资金业务及其他。,吸收公众存款；发放短期、中期和长期贷款；办理国内外结算业务；办理票据承兑与贴现；代理收付款项及代理保险业务；代理发行、代理兑付、承销政府债券；买卖政府债券和金融债券；从事同业拆借；提供保管箱服务；外汇存款；外汇贷款；外汇汇款；外币兑换；结汇、售汇；资信调查、咨询、见证业务；经银行业监督管理机构和有关部门批准的其他业务。（依法须经批准的项目，经相关部门批准后方可开展经营活动）许可项目：公募证券投资基金销售（依法须经批准的项目，经相关部门批准后方可开展经营活动，具体经营项目以审批结果为准）,"本行系2004年8月经中国银监会批准在吴江市农信社基础上组建的股份制农村商业银行，设立时注册资本30,000万元，经过历年的利润分配送红股、增资扩股，截至本招股意向书签署日注册资本为100,241.102万元。苏州市吴江区地处我国经济最为发达的长三角经济区核心地带，是我国经济最为活跃的地区之一。本行的存贷款总量以及营业网点数量、布局在吴江区占据绝对优势，在吴江区拥有较强的市场影响力、较高的社会认同度以及高效的业务网络。本行坚持服务中小企业、服务―三农经济‖的银行特色，致力于促进中小企业发展，为市民提供优质服务，满足城乡居民的金融需求。经过多年努力，本行已发展成为市场定位明确、公司治理良好、运作机制灵活、经营业绩优良、实力稳步提升的股份制商业银行。2008年，本行在―第四届中国品牌影响力高峰论坛年会‖中被评为―中国农商行十大影响力品牌‖。2009年，本行被县域经济推委会和中国县域经济报社评为2009年度―县域经济最具影响力十佳银行‖。2009年、2012年至2015年本行被中国企业联合会和中国企业家协会评为―中国服务业500强企业‖。2010年，本行被中国质量监督管理中心评为―全国用户满意服务明星企业‖。2011年，本行被中共苏州市委和苏州市人民政府评为2010年度―优秀民营服务业企业‖。2012年，本行被中共苏州市委和苏州市人民政府评为2011年度―优秀民营企业‖。2009年至2015年，本行连续七年被英国《银行家》杂志评选为―全球银行业1000强‖。2011年至2015年，本行连续五年被江苏省农联社评为―AAAAA级农村商业银行‖。2013年，本行被江苏省苏商发展促进会、苏州高新区管委会、苏州市经信委等单位评为2012年度苏州地区服务中小微企业―优秀金融机构‖。2014年，本行被中国地方金融研究院评为―全国十佳农村商业银行‖。2015年，本行被中国地方金融研究院评为―中国地方金融十佳服务三农银行‖。2004年8月12日，根据中国银监会《关于江苏吴江农村商业银行股份有限公司开业的批复》（银监复[2004]118号），本行由111户法人股东及1,545户自然人以现金出资方式发起设立。2004年8月25日，本行在江苏省工商行政管理局注册登记，注册号3200001105926，注册名称为江苏吴江农村商业银行股份有限公司，注册资本为30,000万元，住所为吴江市流虹路408号，法定代表人为黄兴龙。",成功,
